SECT/DRGN0.BIN/5006/1,scripts/DRGN0/5006/1.diff
SECT/DRGN0.BIN/5044/1,scripts/DRGN0/5044/1.diff
SECT/DRGN0.BIN/5054/1,scripts/DRGN0/5054/1.diff
SECT/DRGN0.BIN/5184/1,scripts/DRGN0/5184/1.diff
SECT/DRGN0.BIN/5254/1,scripts/DRGN0/5254/1.diff
SECT/DRGN0.BIN/5268/1,scripts/DRGN0/5268/1.diff
SECT/DRGN0.BIN/5274/1,scripts/DRGN0/5274/1.diff
SECT/DRGN0.BIN/5288/1,scripts/DRGN0/5288/1.diff
SECT/DRGN0.BIN/5312/1,scripts/DRGN0/5312/1.diff
SECT/DRGN0.BIN/5326/1,scripts/DRGN0/5326/1.diff
SECT/DRGN0.BIN/5334/1,scripts/DRGN0/5334/1.diff
SECT/DRGN0.BIN/5344/1,scripts/DRGN0/5344/1.diff
SECT/DRGN0.BIN/5528/1,scripts/DRGN0/5528/1.diff
SECT/DRGN0.BIN/5532/1,scripts/DRGN0/5532/1.diff
SECT/DRGN0.BIN/5610/1,scripts/DRGN0/5610/1.diff
SECT/DRGN0.BIN/5548/1,scripts/DRGN0/5548/1.diff
SECT/DRGN0.BIN/5538/1,scripts/DRGN0/5538/1.diff
SECT/DRGN0.BIN/5520/1,scripts/DRGN0/5520/1.diff
SECT/DRGN0.BIN/5524/1,scripts/DRGN0/5524/1.diff
SECT/DRGN0.BIN/5156/1,scripts/DRGN0/5156/1.diff
SECT/DRGN0.BIN/5152/1,scripts/DRGN0/5152/1.diff
SECT/DRGN0.BIN/5196/1,scripts/DRGN0/5196/1.diff
SECT/DRGN0.BIN/5560/1,scripts/DRGN0/5560/1.diff
SECT/DRGN0.BIN/5562/1,scripts/DRGN0/5562/1.diff
SECT/DRGN0.BIN/5572/1,scripts/DRGN0/5572/1.diff
SECT/DRGN0.BIN/5204/1,scripts/DRGN0/5204/1.diff
SECT/DRGN0.BIN/5078/1,scripts/DRGN0/5078/1.diff
SECT/DRGN0.BIN/5036/1,scripts/DRGN0/5036/1.diff
SECT/DRGN1.BIN/388,scripts/DRGN1/388.diff
SECT/DRGN1.BIN/330,scripts/DRGN1/330.diff
SECT/DRGN1.BIN/294,scripts/DRGN1/294.diff
SECT/DRGN1.BIN/266,scripts/DRGN1/266.diff
SECT/DRGN1.BIN/263,scripts/DRGN1/263.diff
SECT/DRGN21.BIN/36/5,scripts/DRGN21/36/5.diff
SECT/DRGN21.BIN/597/1,scripts/DRGN21/597/1.diff
SECT/DRGN22.BIN/597/1,scripts/DRGN22/597/1.diff
SECT/DRGN23.BIN/348/1,scripts/DRGN23/348/1.diff
SECT/DRGN23.BIN/348/2,scripts/DRGN23/348/2.diff
SECT/DRGN23.BIN/348/3,scripts/DRGN23/348/3.diff
SECT/DRGN23.BIN/360/1,scripts/DRGN23/360/1.diff
SECT/DRGN23.BIN/360/2,scripts/DRGN23/360/2.diff
SECT/DRGN23.BIN/360/3,scripts/DRGN23/360/3.diff
SECT/DRGN23.BIN/366/1,scripts/DRGN23/366/1.diff
SECT/DRGN23.BIN/366/2,scripts/DRGN23/366/2.diff
SECT/DRGN23.BIN/366/3,scripts/DRGN23/366/3.diff
